INSERT INTO `address` (`id`,`city`,`country`,`state`,`street`,`zip`) VALUES (1,"Barrow-in-Furness","Spain","Lancashire","P.O. Box 332, 3953 Odio. Rd.","02761"),(2,"Dereham","Tajikistan","Norfolk","P.O. Box 335, 4636 Nullam Ave","F2K 5LI"),(3,"Stratford-upon-Avon","Guam","Warwickshire","P.O. Box 567, 8315 Tellus St.","64229"),(4,"Taunton","Peru","Somerset","Ap #598-2949 Id, Av.","42970"),(5,"Great Yarmouth","Monaco","Norfolk","931-1826 Auctor, Road","62393"),(6,"Montgomery","Madagascar","Montgomeryshire","324-5016 Nisi St.","1517"),(7,"Denny","American Samoa","Stirlingshire","Ap #412-2897 Fringilla, Street","686492"),(8,"Beverley","Sao Tome and Principe","Yorkshire","Ap #160-4480 Vehicula St.","8982"),(9,"Huntingdon","Iran","Huntingdonshire","Ap #618-7337 Eu, Av.","90295-131"),(10,"Sanquhar","Cameroon","Dumfriesshire","374 Erat Rd.","1080");
INSERT INTO `address` (`id`,`city`,`country`,`state`,`street`,`zip`) VALUES (11,"Harlow","Bangladesh","Essex","4660 Et, St.","5586"),(12,"Abergele","Colombia","Denbighshire","2455 Non, Ave","E3B 7V3"),(13,"Kinross","San Marino","Kinross-shire","760-7801 Nullam Street","K6K 0Y9"),(14,"Elgin","Kyrgyzstan","Morayshire","476-7922 Torquent Street","6618"),(15,"Galashiels","Netherlands","Selkirkshire","Ap #837-4162 Nunc Avenue","1465"),(16,"Mold","Suriname","Flintshire","662-372 Quisque Street","93483"),(17,"Keith","Denmark","Banffshire","250-4354 Pellentesque, St.","9327"),(18,"Brecon","Austria","Brecknockshire","495-3577 Tristique Av.","E8H 4Y7"),(19,"Livingston","Solomon Islands","West Lothian","210-9078 Imperdiet, Avenue","02329"),(20,"Runcorn","Zimbabwe","Cheshire","8234 Malesuada Rd.","586350");

INSERT INTO `contact` (`id`,`name`,`phone`,`email`,`fax`) VALUES (1,"David Sexton","04 14 85 96 41","nascetur@aultricies.edu","(02) 5349 2287"),(2,"Rose England","01 54 67 15 81","arcu.Vestibulum.ut@lorem.co.uk","(03) 2120 7908"),(3,"Carl Giles","03 45 66 50 23","neque.In@velitjustonec.net","(03) 5825 7400"),(4,"Knox Hester","06 37 01 43 67","porttitor.scelerisque.neque@felis.edu","(04) 5289 4903"),(5,"Signe Kramer","01 62 97 13 05","iaculis.lacus.pede@ornarelectus.net","(02) 1791 9728"),(6,"Erica Bartlett","06 32 69 21 77","molestie@lectusa.ca","(04) 6181 8217"),(7,"James Morgan","05 24 80 74 02","elit.pede@diam.net","(03) 6893 6320"),(8,"Tyrone Olson","08 38 48 85 96","et@Phasellusvitaemauris.ca","(07) 9948 7132"),(9,"Hilary Miller","04 82 13 25 38","sem.magna.nec@Nuncmauris.com","(07) 0638 5865"),(10,"Mari Irwin","01 99 02 01 93","elit.pede@lectus.edu","(08) 4010 2447");
INSERT INTO `contact` (`id`,`name`,`phone`,`email`,`fax`) VALUES (11,"Joel Brock","09 91 59 80 81","Donec.at@gravidasagittisDuis.org","(09) 3134 5505"),(12,"Myles Wade","08 05 22 97 06","dui.lectus@in.co.uk","(07) 9399 6328"),(13,"Grady Barrett","09 76 03 97 99","feugiat.non.lobortis@idmagna.edu","(06) 7875 1930"),(14,"Elliott Wood","05 16 86 90 60","convallis@Curabituregestasnunc.ca","(06) 3907 8158"),(15,"Simon Leach","03 52 57 29 80","ullamcorper.Duis@necurna.org","(08) 1607 8992"),(16,"Karleigh Sanchez","03 52 47 89 16","massa.rutrum.magna@infaucibusorci.com","(04) 3576 3278"),(17,"Aubrey Gardner","08 93 47 55 40","neque.Nullam@iaculisneceleifend.org","(08) 7044 4538"),(18,"Anastasia Hess","07 65 73 72 92","ultrices@volutpatNullafacilisis.ca","(02) 0708 6613"),(19,"Rhea Dale","05 52 68 25 57","nulla@etmagnisdis.ca","(03) 3558 2800"),(20,"Genevieve Pollard","01 19 65 37 66","nisi.Mauris@hendreritnequeIn.co.uk","(03) 0644 4665");

INSERT INTO `client` (`id`,`name`,`is_company`,`reg_no`,`vat_id`,`address_id`,`contact_id`, `shipping_address_id`) VALUES (1,"Et Nunc Company",1,"1693080953199","05755688199",1,1,1),(2,"Aliquam Corp.",0,"1606031992899","98455400299",2,2,2),(3,"Ornare Facilisis LLC",1,"1636013066399","21591531999",3,3,3),(4,"Lectus Rutrum Urna Corporation",0,"1633100441499","11609279099",4,4,4),(5,"Fusce Foundation",0,"1601061031899","82683099599",5,5,5),(6,"Orci Corporation",0,"1615041091499","15544962099",6,6,6),(7,"Mattis Inc.",0,"1685020619899","65806256099",7,7,7),(8,"Vitae Odio Sagittis Corporation",0,"1688040181299","30778055699",8,8,8),(9,"Justo Faucibus Incorporated",1,"1697071645499","57539021799",9,9,9),(10,"Gravida Non Sollicitudin Ltd",1,"1602100136899","25739742399",10,10,10);
INSERT INTO `client` (`id`,`name`,`is_company`,`reg_no`,`vat_id`,`address_id`,`contact_id`, `shipping_address_id`) VALUES (11,"Mauris Ut Quam PC",1,"1603040496599","39833938799",11,11,11),(12,"Aliquam LLC",0,"1679042456999","40467903299",12,12,12),(13,"Pede Nec Corporation",1,"1655122335099","38534641699",13,13,13),(14,"Pellentesque Ut Ipsum Ltd",1,"1654052876099","31817386799",14,14,14),(15,"Mauris A Nunc PC",0,"1649081604099","20226583199",15,15,15),(16,"Imperdiet Dictum Magna LLC",0,"1693122844599","10860674299",16,16,16),(17,"Dolor Ltd",0,"1633070593099","13430220399",17,17,17),(18,"Nunc Industries",1,"1615061321299","27431142299",18,18,18),(19,"Dolor Dolor Industries",0,"1630091422499","55941545399",19,19,19),(20,"Magna Sed Dui Limited",1,"1644052480099","45757260699",20,20,20);